<ImportExportXml version="9.2.22084.202" SolutionPackageVersion="9.2" languagecode="1033" generatedBy="CrmLive" xmlns:xsi="http://www.w3.org/2001/XMLSchema-instance">
  <SolutionManifest>
    <UniqueName>FacultyWorkloadContractManagementDocuSign</UniqueName>
    <LocalizedNames>
      <LocalizedName description="Faculty Workload Contract Management - DocuSign" languagecode="1033" />
    </LocalizedNames>
    <Descriptions />
    <Version>1.8.0.0</Version>
    <Managed>0</Managed>
    <Publisher>
      <UniqueName>Cr45c77</UniqueName>
      <LocalizedNames>
        <LocalizedName description="CDS Default Publisher" languagecode="1033" />
      </LocalizedNames>
      <Descriptions />
      <EMailAddress xsi:nil="true"></EMailAddress>
      <SupportingWebsiteUrl xsi:nil="true"></SupportingWebsiteUrl>
      <CustomizationPrefix>cr139</CustomizationPrefix>
      <CustomizationOptionValuePrefix>73695</CustomizationOptionValuePrefix>
      <Addresses>
        <Address>
          <AddressNumber>1</AddressNumber>
          <AddressTypeCode xsi:nil="true"></AddressTypeCode>
          <City xsi:nil="true"></City>
          <County xsi:nil="true"></County>
          <Country xsi:nil="true"></Country>
          <Fax xsi:nil="true"></Fax>
          <FreightTermsCode xsi:nil="true"></FreightTermsCode>
          <ImportSequenceNumber xsi:nil="true"></ImportSequenceNumber>
          <Latitude xsi:nil="true"></Latitude>
          <Line1 xsi:nil="true"></Line1>
          <Line2 xsi:nil="true"></Line2>
          <Line3 xsi:nil="true"></Line3>
          <Longitude xsi:nil="true"></Longitude>
          <Name xsi:nil="true"></Name>
          <PostalCode xsi:nil="true"></PostalCode>
          <PostOfficeBox xsi:nil="true"></PostOfficeBox>
          <PrimaryContactName xsi:nil="true"></PrimaryContactName>
          <ShippingMethodCode xsi:nil="true"></ShippingMethodCode>
          <StateOrProvince xsi:nil="true"></StateOrProvince>
          <Telephone1 xsi:nil="true"></Telephone1>
          <Telephone2 xsi:nil="true"></Telephone2>
          <Telephone3 xsi:nil="true"></Telephone3>
          <TimeZoneRuleVersionNumber xsi:nil="true"></TimeZoneRuleVersionNumber>
          <UPSZone xsi:nil="true"></UPSZone>
          <UTCOffset xsi:nil="true"></UTCOffset>
          <UTCConversionTimeZoneCode xsi:nil="true"></UTCConversionTimeZoneCode>
        </Address>
        <Address>
          <AddressNumber>2</AddressNumber>
          <AddressTypeCode xsi:nil="true"></AddressTypeCode>
          <City xsi:nil="true"></City>
          <County xsi:nil="true"></County>
          <Country xsi:nil="true"></Country>
          <Fax xsi:nil="true"></Fax>
          <FreightTermsCode xsi:nil="true"></FreightTermsCode>
          <ImportSequenceNumber xsi:nil="true"></ImportSequenceNumber>
          <Latitude xsi:nil="true"></Latitude>
          <Line1 xsi:nil="true"></Line1>
          <Line2 xsi:nil="true"></Line2>
          <Line3 xsi:nil="true"></Line3>
          <Longitude xsi:nil="true"></Longitude>
          <Name xsi:nil="true"></Name>
          <PostalCode xsi:nil="true"></PostalCode>
          <PostOfficeBox xsi:nil="true"></PostOfficeBox>
          <PrimaryContactName xsi:nil="true"></PrimaryContactName>
          <ShippingMethodCode xsi:nil="true"></ShippingMethodCode>
          <StateOrProvince xsi:nil="true"></StateOrProvince>
          <Telephone1 xsi:nil="true"></Telephone1>
          <Telephone2 xsi:nil="true"></Telephone2>
          <Telephone3 xsi:nil="true"></Telephone3>
          <TimeZoneRuleVersionNumber xsi:nil="true"></TimeZoneRuleVersionNumber>
          <UPSZone xsi:nil="true"></UPSZone>
          <UTCOffset xsi:nil="true"></UTCOffset>
          <UTCConversionTimeZoneCode xsi:nil="true"></UTCConversionTimeZoneCode>
        </Address>
      </Addresses>
    </Publisher>
    <RootComponents>
      <RootComponent type="29" id="{5b76e0f7-0d25-ed11-b83e-0022482538f0}" behavior="0" />
      <RootComponent type="29" id="{bf3b5628-160c-ed11-82e5-00224823c2a2}" behavior="0" />
    </RootComponents>
    <MissingDependencies>
      <MissingDependency>
        <Required type="372" schemaName="cr139_5Fdocusign-20connector" displayName="DocuSign Connector" solution="Active" id="{1c380de4-252d-41ff-a42b-d448d73a15e9}" />
        <Dependent type="29" displayName="Faculty eSignature Response With DocuSign" id="{5b76e0f7-0d25-ed11-b83e-0022482538f0}" />
      </MissingDependency>
      <MissingDependency>
        <Required type="372" schemaName="cr139_5Fdocusign-20connector" displayName="DocuSign Connector" solution="Active" id="{1c380de4-252d-41ff-a42b-d448d73a15e9}" />
        <Dependent type="29" displayName="Faculty eSignature Invite With DocuSign" id="{bf3b5628-160c-ed11-82e5-00224823c2a2}" />
      </MissingDependency>
      <MissingDependency>
        <Required type="372" schemaName="cr139_5Fdocusign-20connector" displayName="DocuSign Connector" solution="Active" id="{1c380de4-252d-41ff-a42b-d448d73a15e9}" />
        <Dependent type="connectionreference" displayName="cr139_sharedcr1395fdocusign20connector5fd3b5047adc3abd7a_1587c" id.connectionreferencelogicalname="cr139_sharedcr1395fdocusign20connector5fd3b5047adc3abd7a_1587c" />
      </MissingDependency>
      <MissingDependency>
        <Required type="connectionreference" displayName="new_Office365OutlookconnectionRef" solution="Active" id.connectionreferencelogicalname="new_Office365OutlookconnectionRef" />
        <Dependent type="29" displayName="Faculty eSignature Response With DocuSign" id="{5b76e0f7-0d25-ed11-b83e-0022482538f0}" />
      </MissingDependency>
      <MissingDependency>
        <Required type="connectionreference" displayName="new_Office365OutlookconnectionRef" solution="Active" id.connectionreferencelogicalname="new_Office365OutlookconnectionRef" />
        <Dependent type="29" displayName="Faculty eSignature Invite With DocuSign" id="{bf3b5628-160c-ed11-82e5-00224823c2a2}" />
      </MissingDependency>
    </MissingDependencies>
  </SolutionManifest>
</ImportExportXml>