{
  "properties": {
    "connectionReferences": {
      "shared_cr139-5fdocusign-20connector-5fd3b5047adc3abd7a": {
        "runtimeSource": "embedded",
        "connection": {
          "connectionReferenceLogicalName": "cr139_sharedcr1395fdocusign20connector5fd3b5047adc3abd7a_1587c"
        },
        "api": {
          "name": "shared_cr139-5fdocusign-20connector-5fd3b5047adc3abd7a",
          "logicalName": "cr139_5Fdocusign-20connector"
        }
      },
      "shared_office365": {
        "runtimeSource": "embedded",
        "connection": {
          "connectionReferenceLogicalName": "new_Office365OutlookconnectionRef"
        },
        "api": {
          "name": "shared_office365"
        }
      }
    },
    "definition": {
      "$schema": "https://schema.management.azure.com/providers/Microsoft.Logic/schemas/2016-06-01/workflowdefinition.json#",
      "contentVersion": "1.0.0.0",
      "parameters": {
        "$connections": {
          "defaultValue": {},
          "type": "Object"
        },
        "$authentication": {
          "defaultValue": {},
          "type": "SecureObject"
        }
      },
      "triggers": {
        "manual": {
          "metadata": {
            "operationMetadataId": "44d91389-c9bb-440c-a70a-341ec20d9593"
          },
          "type": "Request",
          "kind": "Http",
          "inputs": {}
        }
      },
      "actions": {
        "Configuration": {
          "runAfter": {},
          "metadata": {
            "operationMetadataId": "e2194029-12b1-4845-a818-6ec3745140c3"
          },
          "type": "InitializeVariable",
          "inputs": {
            "variables": [
              {
                "name": "Configuration",
                "type": "object",
                "value": {
                  "AdminEmailId": "prithub@anthology.com"
                }
              }
            ]
          },
          "description": "Replace placeholder value with actual value "
        },
        "HasError": {
          "runAfter": {},
          "metadata": {
            "operationMetadataId": "f7636df2-87c2-422d-a736-632de2758bd2"
          },
          "type": "InitializeVariable",
          "inputs": {
            "variables": [
              {
                "name": "hasError",
                "type": "boolean",
                "value": "@false"
              }
            ]
          }
        },
        "Secure_Configuration": {
          "runAfter": {},
          "trackedProperties": {
            "AccountId": "aa7994c7-63a9-420f-88e7-77e02c8556ad"
          },
          "metadata": {
            "operationMetadataId": "53889e52-b2e1-450c-8b14-37b5be7d3f78"
          },
          "type": "Compose",
          "inputs": "Secure",
          "runtimeConfiguration": {
            "secureData": {
              "properties": [
                "inputs"
              ]
            }
          }
        },
        "ContractStatus": {
          "runAfter": {
            "Secure_Configuration": [
              "Succeeded"
            ]
          },
          "metadata": {
            "operationMetadataId": "9d6a57bc-2d13-4c8d-ac3f-724e48ab114e"
          },
          "type": "InitializeVariable",
          "inputs": {
            "variables": [
              {
                "name": "ContractStatus",
                "type": "string",
                "value": "@{triggerBody()?['status']}"
              }
            ]
          }
        },
        "ContractId": {
          "runAfter": {
            "HasError": [
              "Succeeded"
            ]
          },
          "metadata": {
            "operationMetadataId": "271814c3-b014-4d36-afc1-0a7e81704651"
          },
          "type": "Compose",
          "inputs": "@triggerBody()?['customFields']?['textCustomFields'][0]?['value']"
        },
        "EnvelopeId": {
          "runAfter": {
            "Configuration": [
              "Succeeded"
            ]
          },
          "metadata": {
            "operationMetadataId": "f93819f9-010a-4cde-81b5-baebc21c18b2"
          },
          "type": "Compose",
          "inputs": "@triggerBody()?['envelopeId']"
        },
        "ScopeTry": {
          "actions": {
            "Configuration_Parse": {
              "runAfter": {},
              "metadata": {
                "operationMetadataId": "fd456dda-976e-4478-82c9-6031cef7ce1f"
              },
              "type": "ParseJson",
              "inputs": {
                "content": "@variables('Configuration')",
                "schema": {
                  "type": "object",
                  "properties": {
                    "AdminEmailId": {
                      "type": "string"
                    },
                    "ESignBaseUrl": {
                      "type": "string"
                    }
                  }
                }
              }
            },
            "Condition": {
              "actions": {
                "Update_Faculty_Esign_Status_For_Acceptance": {
                  "runAfter": {
                    "ComposeContractFileName": [
                      "Succeeded"
                    ]
                  },
                  "metadata": {
                    "operationMetadataId": "36ee925a-04ee-413b-a3b8-81893fbe2b5b"
                  },
                  "type": "Http",
                  "inputs": {
                    "method": "POST",
                    "uri": "@{outputs('Student_Web_ClientURL')}/api/faculty-workload-contract-management/faculty-esign-status",
                    "headers": {
                      "ApiKey": "@{outputs('Student_Web_Client_API_Key')}",
                      "content-type": "application/json"
                    },
                    "body": {
                      "ContractId": "@outputs('ContractId')",
                      "ContractStatus": "acceptedbyfaculty",
                      "ContractFileName": "@{outputs('ComposeContractFileName')}",
                      "Comments": "",
                      "ContractFile": "@{body('Get_Envelope_Document')?['$Content']}"
                    }
                  }
                },
                "ComposeContractFileName": {
                  "runAfter": {
                    "Get_Envelope_Document": [
                      "Succeeded"
                    ]
                  },
                  "metadata": {
                    "operationMetadataId": "26d0a675-5f54-4288-b909-c6801566a1ca"
                  },
                  "type": "Compose",
                  "inputs": "@replace(triggerBody()?['customFields']?['textCustomFields'][3]?['value'], 'docx', 'pdf')"
                },
                "Get_Envelope_Document": {
                  "runAfter": {},
                  "metadata": {
                    "operationMetadataId": "2deccf71-4bb1-4618-8f59-f16943f8eee2"
                  },
                  "type": "OpenApiConnection",
                  "inputs": {
                    "host": {
                      "connectionName": "shared_cr139-5fdocusign-20connector-5fd3b5047adc3abd7a",
                      "operationId": "GetEnvelopeDocument",
                      "apiId": "/providers/Microsoft.PowerApps/apis/shared_cr139-5fdocusign-20connector-5fd3b5047adc3abd7a"
                    },
                    "parameters": {
                      "account id": "@actions('Secure_Configuration')?['trackedProperties']?['AccountId']",
                      "envelope id": "@outputs('EnvelopeId')",
                      "document id": "@outputs('ContractId')"
                    },
                    "authentication": "@parameters('$authentication')"
                  }
                }
              },
              "runAfter": {
                "Configuration_Parse": [
                  "Succeeded"
                ]
              },
              "else": {
                "actions": {
                  "Declined_Reason": {
                    "runAfter": {},
                    "metadata": {
                      "operationMetadataId": "a7fcf3fa-557d-4c51-8f81-3c03870ecf83"
                    },
                    "type": "Compose",
                    "inputs": "@triggerBody()?['recipients']?['signers'][0]?['declinedReason']"
                  },
                  "Update_Faculty_Esign_Status_For_Rejection": {
                    "runAfter": {
                      "Declined_Reason": [
                        "Succeeded"
                      ]
                    },
                    "metadata": {
                      "operationMetadataId": "a6c417b1-795c-46d6-a48f-43e2aa9efb59"
                    },
                    "type": "Http",
                    "inputs": {
                      "method": "POST",
                      "uri": "@{outputs('Student_Web_ClientURL')}/api/faculty-workload-contract-management/faculty-esign-status",
                      "headers": {
                        "ApiKey": "@{outputs('Student_Web_Client_API_Key')}",
                        "content-type": "application/json"
                      },
                      "body": {
                        "ContractId": "@outputs('ContractId')",
                        "ContractStatus": "rejectedbyfaculty",
                        "ContractFileName": "@{outputs('Contract_File_Name')}",
                        "Comments": "@{outputs('Declined_Reason')}",
                        "ContractFile": ""
                      }
                    }
                  }
                }
              },
              "expression": {
                "equals": [
                  "@variables('ContractStatus')",
                  "completed"
                ]
              },
              "metadata": {
                "operationMetadataId": "25a6f8c1-550d-4bfc-b9f5-623a8241b64c"
              },
              "type": "If"
            }
          },
          "runAfter": {
            "Contract_File_Name": [
              "Succeeded"
            ],
            "Student_Web_ClientURL": [
              "Succeeded"
            ],
            "Student_Web_Client_API_Key": [
              "Succeeded"
            ]
          },
          "metadata": {
            "operationMetadataId": "9768f821-ddd0-4ca7-90fa-b65ea2040906"
          },
          "type": "Scope"
        },
        "Contract_File_Name": {
          "runAfter": {
            "EnvelopeId": [
              "Succeeded"
            ]
          },
          "metadata": {
            "operationMetadataId": "8515385c-af37-489f-bb36-beb94d45dd20"
          },
          "type": "Compose",
          "inputs": "@triggerBody()?['customFields']?['textCustomFields'][3]?['value']"
        },
        "Student_Web_ClientURL": {
          "runAfter": {
            "ContractId": [
              "Succeeded"
            ]
          },
          "metadata": {
            "operationMetadataId": "c4f06593-9851-4890-9a39-2506ac4703aa"
          },
          "type": "Compose",
          "inputs": "@triggerBody()?['customFields']?['textCustomFields'][1]?['value']"
        },
        "Student_Web_Client_API_Key": {
          "runAfter": {
            "ContractStatus": [
              "Succeeded"
            ]
          },
          "metadata": {
            "operationMetadataId": "0099d844-5f49-40b1-bf6f-bbaa12b7fabf"
          },
          "type": "Compose",
          "inputs": "@triggerBody()?['customFields']?['textCustomFields'][2]?['value']"
        },
        "ScopeCatch": {
          "actions": {
            "Set_Has_Error": {
              "runAfter": {},
              "metadata": {
                "operationMetadataId": "53cdaf83-40de-4a87-a519-58dd18db8040"
              },
              "type": "SetVariable",
              "inputs": {
                "name": "hasError",
                "value": "@true"
              }
            }
          },
          "runAfter": {
            "ScopeTry": [
              "Failed",
              "Skipped",
              "TimedOut"
            ]
          },
          "metadata": {
            "operationMetadataId": "db4b5d8b-1f80-4347-b6d2-7ab106c12089"
          },
          "type": "Scope"
        },
        "ScopeFinally": {
          "actions": {
            "Checking_HasError_Status": {
              "actions": {
                "Send_Failure_Message_to_administrator": {
                  "runAfter": {},
                  "metadata": {
                    "operationMetadataId": "190fcffb-49e1-48e5-91c2-868f8ea66356"
                  },
                  "type": "OpenApiConnection",
                  "inputs": {
                    "host": {
                      "connectionName": "shared_office365",
                      "operationId": "SendEmailV2",
                      "apiId": "/providers/Microsoft.PowerApps/apis/shared_office365"
                    },
                    "parameters": {
                      "emailMessage/To": "@body('Configuration_Parse')?['AdminEmailId']",
                      "emailMessage/Subject": "Faculty eSignature Response With DocuSign: Failed",
                      "emailMessage/Body": "<p><strong>Hi,</strong><br>\nThe flow Faculty eSignature Response With DocuSign with ContractId \"@{outputs('ContractId')}\" has failed.<br>\n<br>\n<a href=\"@{concat('https://us.flow.microsoft.com/manage/environments/', workflow()['tags']['environmentName'], '/flows/', workflow()['name'], '/runs/', workflow()['run']['name'])}\">Click here to find the run failure details. <strong>(Run History)</strong></a><br>\nError Output:<br>\n<br>\n@{result('ScopeTry')}</p>"
                    },
                    "authentication": "@parameters('$authentication')"
                  }
                }
              },
              "runAfter": {},
              "else": {
                "actions": {
                  "Send_success_message_to_administrator": {
                    "runAfter": {},
                    "metadata": {
                      "operationMetadataId": "ff148434-282a-41d0-965e-d5773e8c490e"
                    },
                    "type": "OpenApiConnection",
                    "inputs": {
                      "host": {
                        "connectionName": "shared_office365",
                        "operationId": "SendEmailV2",
                        "apiId": "/providers/Microsoft.PowerApps/apis/shared_office365"
                      },
                      "parameters": {
                        "emailMessage/To": "@body('Configuration_Parse')?['AdminEmailId']",
                        "emailMessage/Subject": "Faculty eSignature Response With DocuSign: Succeeded",
                        "emailMessage/Body": "<p><strong>Hi,</strong><br>\nThe flow Faculty eSignature Response With DocuSign with ContractId \"@{outputs('ContractId')}\" has succeeded.<br>\n<br>\n<br>\n<a href=\"@{concat('https://us.flow.microsoft.com/manage/environments/', workflow()['tags']['environmentName'], '/flows/', workflow()['name'], '/runs/', workflow()['run']['name'])}\">Click here to find the run details. <strong>(Run History)</strong></a>\n</p>"
                      },
                      "authentication": "@parameters('$authentication')"
                    }
                  }
                }
              },
              "expression": {
                "equals": [
                  "@variables('HasError')",
                  "@true"
                ]
              },
              "metadata": {
                "operationMetadataId": "3b2dc8cb-b4c1-49a1-bf9b-db92b2219fc7"
              },
              "type": "If"
            }
          },
          "runAfter": {
            "ScopeCatch": [
              "Succeeded",
              "Failed",
              "Skipped",
              "TimedOut"
            ]
          },
          "metadata": {
            "operationMetadataId": "fd344ad0-7edc-485f-af78-1eeb32b7fcfa"
          },
          "type": "Scope"
        }
      },
      "outputs": {}
    }
  },
  "schemaVersion": "1.0.0.0"
}