{
  "properties": {
    "connectionReferences": {
      "shared_cr139-5fdocusign-20connector-5fd3b5047adc3abd7a_1": {
        "runtimeSource": "embedded",
        "connection": {
          "connectionReferenceLogicalName": "cr139_sharedcr1395fdocusign20connector5fd3b5047adc3abd7a_1587c"
        },
        "api": {
          "name": "shared_cr139-5fdocusign-20connector-5fd3b5047adc3abd7a",
          "logicalName": "cr139_5Fdocusign-20connector"
        }
      },
      "shared_office365_1": {
        "runtimeSource": "embedded",
        "connection": {
          "connectionReferenceLogicalName": "new_Office365OutlookconnectionRef"
        },
        "api": {
          "name": "shared_office365"
        }
      }
    },
    "definition": {
      "$schema": "https://schema.management.azure.com/providers/Microsoft.Logic/schemas/2016-06-01/workflowdefinition.json#",
      "contentVersion": "1.0.0.0",
      "parameters": {
        "$connections": {
          "defaultValue": {},
          "type": "Object"
        },
        "$authentication": {
          "defaultValue": {},
          "type": "SecureObject"
        }
      },
      "triggers": {
        "manual": {
          "metadata": {
            "operationMetadataId": "3215bb6b-0df7-4b8d-a5d7-733206429bd5"
          },
          "type": "Request",
          "kind": "Http",
          "inputs": {}
        }
      },
      "actions": {
        "Initialize_variable": {
          "runAfter": {},
          "metadata": {
            "operationMetadataId": "e019d521-329b-43be-8e42-9d1bdbf64e06"
          },
          "type": "InitializeVariable",
          "inputs": {
            "variables": [
              {
                "name": "HasError",
                "type": "boolean",
                "value": "@false"
              }
            ]
          }
        },
        "Configuration": {
          "runAfter": {},
          "metadata": {
            "operationMetadataId": "76641aa3-f156-4dad-b124-4aadfa194d54"
          },
          "type": "InitializeVariable",
          "inputs": {
            "variables": [
              {
                "name": "Configuration",
                "type": "object",
                "value": {
                  "AdminEmailId": "prithub@anthology.com",
                  "AnchorTextForSignature": "Sign here",
                  "AnchorTextForDate": "Sign here",
                  "CallBackURL": "https://prod-125.westus.logic.azure.com:443/workflows/c52bcbea76094a039a5691a3f842f0b2/triggers/manual/paths/invoke?api-version=2016-06-01&sp=%2Ftriggers%2Fmanual%2Frun&sv=1.0&sig=9e0HABdoE9FUxnWxnGRMR48fwUD1ag92srEHfRVT0wM"
                }
              }
            ]
          }
        },
        "Secure_Configuration": {
          "runAfter": {},
          "trackedProperties": {
            "AccountId": "aa7994c7-63a9-420f-88e7-77e02c8556ad"
          },
          "metadata": {
            "operationMetadataId": "0ba5a27f-4165-4178-b06e-2e99d8f0d3d4"
          },
          "type": "Compose",
          "inputs": "Secure",
          "runtimeConfiguration": {
            "secureData": {
              "properties": [
                "inputs"
              ]
            }
          }
        },
        "ScopeTry": {
          "actions": {
            "Configuration_Parse": {
              "runAfter": {},
              "metadata": {
                "operationMetadataId": "737d8a27-74d2-4da1-9378-5b95a910ea91"
              },
              "type": "ParseJson",
              "inputs": {
                "content": "@variables('Configuration')",
                "schema": {
                  "type": "object",
                  "properties": {
                    "AdminEmailId": {
                      "type": "string"
                    },
                    "ESignBaseUrl": {
                      "type": "string"
                    },
                    "CallBackURL": {
                      "type": "string"
                    },
                    "AnchorTextForSignature": {
                      "type": "string"
                    },
                    "AnchorTextForDate": {
                      "type": "string"
                    }
                  }
                }
              }
            },
            "Parse_JSON": {
              "runAfter": {
                "Configuration_Parse": [
                  "Succeeded"
                ]
              },
              "metadata": {
                "operationMetadataId": "c04d2785-9b6a-4705-b8cb-b54665ca5b15"
              },
              "type": "ParseJson",
              "inputs": {
                "content": "@triggerMultipartBody(1)",
                "schema": {
                  "type": "object",
                  "properties": {
                    "ContractId": {
                      "type": "integer"
                    },
                    "ContractFileName": {
                      "type": "string"
                    },
                    "StaffEmailAddress": {
                      "type": "string"
                    },
                    "StaffFullName": {
                      "type": "string"
                    },
                    "StudentWebClientAPIKey": {
                      "type": "string"
                    },
                    "StudentWebClientURL": {
                      "type": "string"
                    }
                  }
                }
              },
              "description": "Parsing HTTTP Body Request"
            },
            "Change_Contract_Status_to_Sent_to_Faculty": {
              "runAfter": {
                "Create_Custom_Field_For_Envelope": [
                  "Succeeded"
                ]
              },
              "metadata": {
                "operationMetadataId": "31d13456-f4d3-4795-a9c4-b30d2b58d4d2"
              },
              "type": "Http",
              "inputs": {
                "method": "POST",
                "uri": "@{body('Parse_JSON')?['StudentWebClientURL']}/api/faculty-workload-contract-management/contract-status",
                "headers": {
                  "ApiKey": "@body('Parse_JSON')?['StudentWebClientAPIKey']",
                  "content-type": "application/json"
                },
                "body": {
                  "ContractId": "@{body('Parse_JSON')?['ContractId']}",
                  "ContractStatus": "senttofaculty"
                }
              }
            },
            "Get_Envelope_Id": {
              "runAfter": {
                "Create_And_Send_Envelope": [
                  "Succeeded"
                ]
              },
              "metadata": {
                "operationMetadataId": "65d94ed4-7e6b-49be-91e1-142fcfb76f7b"
              },
              "type": "Compose",
              "inputs": "@body('Create_And_Send_Envelope')?['envelopeId']"
            },
            "Create_And_Send_Envelope": {
              "runAfter": {
                "Parse_JSON": [
                  "Succeeded"
                ]
              },
              "metadata": {
                "operationMetadataId": "23c74de8-40a4-4915-9db2-78bde24113b1"
              },
              "type": "OpenApiConnection",
              "inputs": {
                "host": {
                  "connectionName": "shared_cr139-5fdocusign-20connector-5fd3b5047adc3abd7a_1",
                  "operationId": "CreateAndSendEnvelope",
                  "apiId": "/providers/Microsoft.PowerApps/apis/shared_cr139-5fdocusign-20connector-5fd3b5047adc3abd7a"
                },
                "parameters": {
                  "account Id": "@actions('Secure_Configuration')?['trackedProperties']?['AccountId']",
                  "body": {
                    "documents": [
                      {
                        "documentBase64": "@{triggerMultipartBody(0)['$Content']}",
                        "documentId": "@{body('Parse_JSON')?['ContractId']}",
                        "fileExtension": "docx",
                        "name": "@{body('Parse_JSON')?['ContractFileName']}"
                      }
                    ],
                    "emailSubject": "Faculty Contract request for eSignature",
                    "recipients": {
                      "signers": [
                        {
                          "email": "@{body('Parse_JSON')?['StaffEmailAddress']}",
                          "name": "@{body('Parse_JSON')?['StaffFullName']}",
                          "recipientId": "@{body('Parse_JSON')?['ContractId']}",
                          "routingOrder": "1",
                          "tabs": {
                            "dateSignedTabs": [
                              {
                                "anchorString": "@{body('Configuration_Parse')?['AnchorTextForDate']}",
                                "anchorXOffset": "1",
                                "anchorYOffset": "0",
                                "anchorUnits": "inches",
                                "fontSize": "Size12",
                                "name": "Date Signed",
                                "tabLabel": "date_signed"
                              }
                            ],
                            "fullNameTabs": [
                              {
                                "anchorString": "signer1name",
                                "anchorYOffset": "-6",
                                "fontSize": "Size12",
                                "name": "Full Name",
                                "recipientId": "1",
                                "tabLabel": "Full Name"
                              }
                            ],
                            "signHereTabs": [
                              {
                                "anchorString": "@{body('Configuration_Parse')?['AnchorTextForSignature']}",
                                "anchorXOffset": "1.5",
                                "anchorYOffset": "0",
                                "anchorUnits": "inches"
                              }
                            ]
                          }
                        }
                      ]
                    },
                    "status": "sent",
                    "eventNotification": {
                      "includeDocumentFields": "false",
                      "envelopeEvents": [
                        {
                          "envelopeEventStatusCode": "Completed"
                        },
                        {
                          "envelopeEventStatusCode": "Declined"
                        },
                        {
                          "envelopeEventStatusCode": "Voided"
                        }
                      ],
                      "eventData": {
                        "version": "restv2.1",
                        "format": "json",
                        "includeData": [
                          "tabs",
                          "payment_tabs",
                          "custom_fields",
                          "powerform",
                          "recipients",
                          "folders",
                          "extensions",
                          "attachments",
                          "prefill_tabs"
                        ]
                      },
                      "url": "@{body('Configuration_Parse')?['CallBackURL']}",
                      "requireAcknowledgment": "true",
                      "includeSenderAccountAsCustomField": "true",
                      "loggingEnabled": "true",
                      "includeDocuments": "false",
                      "signMessageWithX509Cert": "true"
                    }
                  }
                },
                "authentication": "@parameters('$authentication')"
              }
            },
            "Create_Custom_Field_For_Envelope": {
              "runAfter": {
                "Get_Envelope_Id": [
                  "Succeeded"
                ]
              },
              "metadata": {
                "operationMetadataId": "8840ca38-3b28-405c-bc35-7fbdec6982a9"
              },
              "type": "OpenApiConnection",
              "inputs": {
                "host": {
                  "connectionName": "shared_cr139-5fdocusign-20connector-5fd3b5047adc3abd7a_1",
                  "operationId": "CreateCustomFieldForEnvelope",
                  "apiId": "/providers/Microsoft.PowerApps/apis/shared_cr139-5fdocusign-20connector-5fd3b5047adc3abd7a"
                },
                "parameters": {
                  "account id": "@actions('Secure_Configuration')?['trackedProperties']?['AccountId']",
                  "envelope id": "@outputs('Get_Envelope_Id')",
                  "body": {
                    "textCustomFields": [
                      {
                        "fieldId": "1",
                        "name": "ContractId",
                        "show": "false",
                        "required": "false",
                        "value": "@{body('Parse_JSON')?['ContractId']}",
                        "configurationType": ""
                      },
                      {
                        "fieldId": "2",
                        "name": "StudentWebClientURL",
                        "show": "false",
                        "required": "false",
                        "value": "@{body('Parse_JSON')?['StudentWebClientURL']}",
                        "configurationType": ""
                      },
                      {
                        "fieldId": "3",
                        "name": "StudentWebClientAPIKey",
                        "show": "false",
                        "required": "false",
                        "value": "@{body('Parse_JSON')?['StudentWebClientAPIKey']}",
                        "configurationType": ""
                      },
                      {
                        "fieldId": "4",
                        "name": "ContractFileName",
                        "show": "false",
                        "required": "false",
                        "value": "@{body('Parse_JSON')?['ContractFileName']}",
                        "configurationType": ""
                      }
                    ]
                  }
                },
                "authentication": "@parameters('$authentication')"
              }
            }
          },
          "runAfter": {
            "Secure_Configuration": [
              "Succeeded"
            ],
            "Configuration": [
              "Succeeded"
            ],
            "Initialize_variable": [
              "Succeeded"
            ]
          },
          "metadata": {
            "operationMetadataId": "15de3716-8073-4c1f-b839-744e47e16158"
          },
          "type": "Scope"
        },
        "ScopeCatch": {
          "actions": {
            "Set_variable": {
              "runAfter": {},
              "metadata": {
                "operationMetadataId": "24d14d28-069d-4777-bb6d-db68c01f357f"
              },
              "type": "SetVariable",
              "inputs": {
                "name": "HasError",
                "value": "@true"
              }
            }
          },
          "runAfter": {
            "ScopeTry": [
              "Failed",
              "Skipped",
              "TimedOut"
            ]
          },
          "metadata": {
            "operationMetadataId": "39dfcb9d-e5f5-4aad-bb45-f938afc8bcd2"
          },
          "type": "Scope"
        },
        "ScopeFinally": {
          "actions": {
            "Condition": {
              "actions": {
                "Send_Failure_Message_to_administrator": {
                  "runAfter": {},
                  "metadata": {
                    "operationMetadataId": "fbc8917e-715f-45e1-9de7-9b5a780f1324"
                  },
                  "type": "OpenApiConnection",
                  "inputs": {
                    "host": {
                      "connectionName": "shared_office365_1",
                      "operationId": "SendEmailV2",
                      "apiId": "/providers/Microsoft.PowerApps/apis/shared_office365"
                    },
                    "parameters": {
                      "emailMessage/To": "@body('Configuration_Parse')?['AdminEmailId']",
                      "emailMessage/Subject": "Faculty eSignature Invite With DocuSign flow : Failed",
                      "emailMessage/Body": "<p><strong>Hi,</strong><br>\nThe flow Faculty eSignature Invite with ContractId \"@{body('Parse_JSON')?['ContractId']}\" has failed.<br>\n<br>\n<a href=\"@{concat('https://us.flow.microsoft.com/manage/environments/', workflow()['tags']['environmentName'], '/flows/', workflow()['name'], '/runs/', workflow()['run']['name'])}\">Click here to find the run failure details. <strong>(Run History)</strong></a><br>\nError Output:<br>\n<br>\n@{result('ScopeTry')}</p>"
                    },
                    "authentication": "@parameters('$authentication')"
                  }
                }
              },
              "runAfter": {},
              "else": {
                "actions": {
                  "Send_Success_Message_to_Administrator": {
                    "runAfter": {},
                    "metadata": {
                      "operationMetadataId": "d1c7028e-2301-4643-82db-82abd6afc8cb"
                    },
                    "type": "OpenApiConnection",
                    "inputs": {
                      "host": {
                        "connectionName": "shared_office365_1",
                        "operationId": "SendEmailV2",
                        "apiId": "/providers/Microsoft.PowerApps/apis/shared_office365"
                      },
                      "parameters": {
                        "emailMessage/To": "@body('Configuration_Parse')?['AdminEmailId']",
                        "emailMessage/Subject": "Faculty eSignature Invite With DocuSign  flow : Succeeded",
                        "emailMessage/Body": "<p><strong>Hi,</strong><br>\nThe flow Faculty eSignature Invite with ContractId \"@{body('Parse_JSON')?['ContractId']}\" has succeeded.<br>\n<br>\n<br>\n<a href=\"@{concat('https://us.flow.microsoft.com/manage/environments/', workflow()['tags']['environmentName'], '/flows/', workflow()['name'], '/runs/', workflow()['run']['name'])}\">Click here to find the run details. <strong>(Run History)</strong></a>\n</p>\n"
                      },
                      "authentication": "@parameters('$authentication')"
                    }
                  }
                }
              },
              "expression": {
                "equals": [
                  "@variables('HasError')",
                  "@true"
                ]
              },
              "metadata": {
                "operationMetadataId": "cc52bcbf-fcec-4e7b-82b2-4cfd925a87f9"
              },
              "type": "If"
            }
          },
          "runAfter": {
            "ScopeCatch": [
              "Succeeded",
              "Failed",
              "Skipped",
              "TimedOut"
            ]
          },
          "metadata": {
            "operationMetadataId": "4d717da4-bb00-4077-9612-e1af2906bb96"
          },
          "type": "Scope"
        }
      }
    }
  },
  "schemaVersion": "1.0.0.0"
}