{
  "properties": {
    "connectionReferences": {
      "shared_office365_1": {
        "runtimeSource": "embedded",
        "connection": {
          "connectionReferenceLogicalName": "cr139_SignNowOffice365OutlookconnectionRef"
        },
        "api": {
          "name": "shared_office365"
        }
      }
    },
    "definition": {
      "$schema": "https://schema.management.azure.com/providers/Microsoft.Logic/schemas/2016-06-01/workflowdefinition.json#",
      "contentVersion": "1.0.0.0",
      "parameters": {
        "$connections": {
          "defaultValue": {},
          "type": "Object"
        },
        "$authentication": {
          "defaultValue": {},
          "type": "SecureObject"
        }
      },
      "triggers": {
        "manual": {
          "metadata": {
            "operationMetadataId": "6cf649dc-f208-4421-85ab-31f09f63a403"
          },
          "type": "Request",
          "kind": "Http",
          "inputs": {
            "schema": {
              "type": "object",
              "properties": {
                "fileName": {
                  "type": "string"
                },
                "contractId": {
                  "type": "integer"
                },
                "studentWebClientAPIKey": {
                  "type": "string"
                },
                "studentWebClientURL": {
                  "type": "string"
                }
              }
            }
          }
        }
      },
      "actions": {
        "varContractId": {
          "runAfter": {},
          "metadata": {
            "operationMetadataId": "b176439a-140b-4c92-877e-f4b50bedf32e"
          },
          "type": "InitializeVariable",
          "inputs": {
            "variables": [
              {
                "name": "contractId",
                "type": "string",
                "value": "@{triggerOutputs()['headers']['contractId']}"
              }
            ]
          }
        },
        "Compose_DocumentId": {
          "runAfter": {},
          "metadata": {
            "operationMetadataId": "8d54b73f-ecb3-48d9-a407-795853d881e9"
          },
          "type": "Compose",
          "inputs": "@triggerBody()['content']['document_id']"
        },
        "varFileName": {
          "runAfter": {
            "varContractId": [
              "Succeeded"
            ]
          },
          "metadata": {
            "operationMetadataId": "a9bb5d39-9e5d-4178-83a7-b12cdf881f39"
          },
          "type": "InitializeVariable",
          "inputs": {
            "variables": [
              {
                "name": "FileName",
                "type": "string",
                "value": "@{triggerOutputs()['headers']['fileName']}"
              }
            ]
          }
        },
        "ScopeTry": {
          "actions": {
            "Capture_Login_token": {
              "runAfter": {
                "Login_to_SignNow": [
                  "Succeeded"
                ]
              },
              "metadata": {
                "operationMetadataId": "1b0de24f-e276-4396-a043-2745075d1070"
              },
              "type": "Compose",
              "inputs": "@outputs('Login_to_SignNow').body['access_token']"
            },
            "Condition_Event": {
              "actions": {
                "Downloading_Sign_Document_from_SignNow": {
                  "runAfter": {},
                  "metadata": {
                    "operationMetadataId": "74244e93-7776-4a50-94a8-877657683ad6"
                  },
                  "type": "Http",
                  "inputs": {
                    "method": "GET",
                    "uri": "@{body('Configuration_Parse')?['SignNowBaseUrl']}/document/@{outputs('Compose_DocumentId')}/download?type=collapsed",
                    "headers": {
                      "Authorization": "Bearer @{outputs('Capture_Login_token')}"
                    }
                  }
                },
                "Downloaded_Document_(store_it_as_base64String)": {
                  "runAfter": {
                    "ComposeContractFileName": [
                      "Succeeded"
                    ]
                  },
                  "metadata": {
                    "operationMetadataId": "dc48f70b-43b8-4d8f-a7e7-5735853fde52"
                  },
                  "type": "Compose",
                  "inputs": "@body('Downloading_Sign_Document_from_SignNow')['$content']"
                },
                "Update_Faculty_Esign_Status_For_Acceptance": {
                  "runAfter": {
                    "Downloaded_Document_(store_it_as_base64String)": [
                      "Succeeded"
                    ]
                  },
                  "metadata": {
                    "operationMetadataId": "aa50a18f-639d-4404-b95a-ced89d2f318f"
                  },
                  "type": "Http",
                  "inputs": {
                    "method": "POST",
                    "uri": "@{variables('StudentWebClientURL')}/api/faculty-workload-contract-management/faculty-esign-status",
                    "headers": {
                      "ApiKey": "@variables('StudentWebClientAPIKey')",
                      "content-type": "application/json"
                    },
                    "body": {
                      "ContractId": "@variables('contractId')",
                      "ContractStatus": "@{variables('ContractStatus')}",
                      "ContractFileName": "@{outputs('ComposeContractFileName')}",
                      "Comments": "",
                      "ContractFile": "@outputs('Downloaded_Document_(store_it_as_base64String)')"
                    }
                  }
                },
                "ComposeContractFileName": {
                  "runAfter": {
                    "Downloading_Sign_Document_from_SignNow": [
                      "Succeeded"
                    ]
                  },
                  "metadata": {
                    "operationMetadataId": "26d0a675-5f54-4288-b909-c6801566a1ca"
                  },
                  "type": "Compose",
                  "inputs": "@split(outputs('Downloading_Sign_Document_from_SignNow')['headers']?['Content-Disposition'],'=')[1]"
                }
              },
              "runAfter": {
                "Capture_Login_token": [
                  "Succeeded"
                ]
              },
              "else": {
                "actions": {
                  "Get_Document_Via_SignNow": {
                    "runAfter": {},
                    "metadata": {
                      "operationMetadataId": "e09d360a-2811-4c76-b4e3-55340d88d77f"
                    },
                    "type": "Http",
                    "inputs": {
                      "method": "GET",
                      "uri": "@{body('Configuration_Parse')?['SignNowBaseUrl']}/document/@{outputs('Compose_DocumentId')}",
                      "headers": {
                        "Authorization": "Bearer @{outputs('Capture_Login_token')}",
                        "content-type": "application/json"
                      }
                    }
                  },
                  "Update_Faculty_Esign_Status_For_Rejection": {
                    "runAfter": {
                      "ComposeRejectionComments": [
                        "Succeeded"
                      ]
                    },
                    "metadata": {
                      "operationMetadataId": "0732fe36-552f-401c-a581-be5a872e4ca0"
                    },
                    "type": "Http",
                    "inputs": {
                      "method": "POST",
                      "uri": "@{variables('StudentWebClientURL')}/api/faculty-workload-contract-management/faculty-esign-status",
                      "headers": {
                        "ApiKey": "@variables('StudentWebClientAPIKey')",
                        "contentType": "application/json"
                      },
                      "body": {
                        "ContractId": "@variables('contractId')",
                        "ContractStatus": "@{variables('ContractStatus')}",
                        "ContractFileName": "@{variables('FileName')}",
                        "Comments": "@{outputs('ComposeRejectionComments')}",
                        "ContractFile": ""
                      }
                    }
                  },
                  "ComposeRejectionComments": {
                    "runAfter": {
                      "Get_Document_Via_SignNow": [
                        "Succeeded"
                      ]
                    },
                    "metadata": {
                      "operationMetadataId": "1d4f15d7-b1b8-476a-bb23-c3897c041159"
                    },
                    "type": "Compose",
                    "inputs": "@last(outputs('Get_Document_Via_SignNow').body['field_invites'][0]?['declined'])?['declined_text']"
                  }
                }
              },
              "expression": {
                "equals": [
                  "@outputs('Compose_Event')",
                  "document.complete"
                ]
              },
              "metadata": {
                "operationMetadataId": "37a7ea1a-f9d4-4711-842c-ea8c893a72c2"
              },
              "type": "If"
            },
            "Configuration_Parse": {
              "runAfter": {},
              "metadata": {
                "operationMetadataId": "80ad0be8-dd09-44db-bae5-c04ceb874281"
              },
              "type": "ParseJson",
              "inputs": {
                "content": "@variables('Configuration')",
                "schema": {
                  "type": "object",
                  "properties": {
                    "AdminEmailId": {
                      "type": "string"
                    },
                    "SignNowBaseUrl": {
                      "type": "string"
                    }
                  }
                }
              },
              "description": "Parsing Json object of Configuration variable"
            },
            "Login_to_SignNow": {
              "runAfter": {
                "Configuration_Parse": [
                  "Succeeded"
                ]
              },
              "metadata": {
                "operationMetadataId": "07db0db7-aba3-41e4-bc83-2bf1f4881d84"
              },
              "type": "Http",
              "inputs": {
                "method": "POST",
                "uri": "@{body('Configuration_Parse')?['SignNowBaseUrl']}/oauth2/token",
                "headers": {
                  "Authorization": "Basic @{actions('Secure_Configuration')?['trackedProperties']?['SignNowAPIAuthToken']}",
                  "Content-Type": "application/json"
                },
                "body": {
                  "username": "@{toLower(actions('Secure_Configuration')?['trackedProperties']?['SignNowUserId'])}",
                  "password": "@{actions('Secure_Configuration')?['trackedProperties']?['SignNowPassword']}",
                  "grant_type": "password",
                  "scope": "*"
                }
              }
            }
          },
          "runAfter": {
            "varStudentWebClientURL": [
              "Succeeded"
            ],
            "Secure_Configuration": [
              "Succeeded"
            ]
          },
          "metadata": {
            "operationMetadataId": "228c4827-4c2b-4ea8-abdf-2b2ac3c9cff2"
          },
          "type": "Scope"
        },
        "ScopeCatch": {
          "actions": {
            "Set_variable": {
              "runAfter": {},
              "metadata": {
                "operationMetadataId": "e3c48b70-9c4c-4cc4-b693-2f11006fa7fe"
              },
              "type": "SetVariable",
              "inputs": {
                "name": "hasError",
                "value": "@true"
              }
            }
          },
          "runAfter": {
            "ScopeTry": [
              "Failed",
              "Skipped",
              "TimedOut"
            ]
          },
          "metadata": {
            "operationMetadataId": "2b9aca3e-6425-41dd-a865-4ecc0e7982ae"
          },
          "type": "Scope"
        },
        "ScopeFinally": {
          "actions": {
            "Condition": {
              "actions": {
                "Send_Failure_Message_to_administrator": {
                  "runAfter": {},
                  "metadata": {
                    "operationMetadataId": "780901fc-38f0-4c4f-946b-5db4966d1de0"
                  },
                  "type": "OpenApiConnection",
                  "inputs": {
                    "host": {
                      "connectionName": "shared_office365_1",
                      "operationId": "SendEmailV2",
                      "apiId": "/providers/Microsoft.PowerApps/apis/shared_office365"
                    },
                    "parameters": {
                      "emailMessage/To": "@body('Configuration_Parse')?['AdminEmailId']",
                      "emailMessage/Subject": "Faculty eSignature Response With SignNow: Failed",
                      "emailMessage/Body": "<p><strong>Hi,</strong><br>\nThe flow Faculty eSignature Response With SignNow with ContractId \"@{variables('contractId')}\" has failed.<br>\n<br>\n<a href=\"@{concat('https://us.flow.microsoft.com/manage/environments/',workflow()['tags']['environmentName'],'/flows/',   workflow()['name'],'/runs/',workflow()['run']['name'])}\">Click here to find the run failure details. <strong>(Run History)</strong></a><br>\nError Output:<br>\n<br>\n@{result('ScopeTry')}</p>"
                    },
                    "authentication": "@parameters('$authentication')"
                  }
                }
              },
              "runAfter": {},
              "else": {
                "actions": {
                  "Send_success_message_to_administrator": {
                    "runAfter": {},
                    "metadata": {
                      "operationMetadataId": "6c1a2896-f38c-4d55-af06-1a1cb1298695"
                    },
                    "type": "OpenApiConnection",
                    "inputs": {
                      "host": {
                        "connectionName": "shared_office365_1",
                        "operationId": "SendEmailV2",
                        "apiId": "/providers/Microsoft.PowerApps/apis/shared_office365"
                      },
                      "parameters": {
                        "emailMessage/To": "@body('Configuration_Parse')?['AdminEmailId']",
                        "emailMessage/Subject": "Faculty eSignature Response With SignNow: Succeeded",
                        "emailMessage/Body": "<p><strong>Hi,</strong><br>\nThe flow Faculty eSignature Response With SignNow with ContractId \"@{variables('contractId')}\" has succeeded.<br>\n<br>\n<br>\n<a href=\"@{concat('https://us.flow.microsoft.com/manage/environments/',workflow()['tags']['environmentName'],'/flows/',   workflow()['name'],'/runs/',workflow()['run']['name'])}\">Click here to find the run details. <strong>(Run History)</strong></a>\n</p>"
                      },
                      "authentication": "@parameters('$authentication')"
                    }
                  }
                }
              },
              "expression": {
                "equals": [
                  "@variables('hasError')",
                  "@true"
                ]
              },
              "metadata": {
                "operationMetadataId": "91181795-d313-41d5-9082-23c1efd7ffe7"
              },
              "type": "If"
            }
          },
          "runAfter": {
            "ScopeCatch": [
              "Succeeded",
              "Failed",
              "Skipped",
              "TimedOut"
            ]
          },
          "metadata": {
            "operationMetadataId": "e69dcdc3-0c10-4ab1-8afd-1a73cb7c10bd"
          },
          "type": "Scope"
        },
        "Compose_Event": {
          "runAfter": {
            "Compose_DocumentId": [
              "Succeeded"
            ]
          },
          "metadata": {
            "operationMetadataId": "b0d68a75-f314-41d0-816c-9244cb136f46"
          },
          "type": "Compose",
          "inputs": "@triggerBody()['meta']['event']"
        },
        "varContractStatus": {
          "runAfter": {
            "varFileName": [
              "Succeeded"
            ]
          },
          "metadata": {
            "operationMetadataId": "9d6a57bc-2d13-4c8d-ac3f-724e48ab114e"
          },
          "type": "InitializeVariable",
          "inputs": {
            "variables": [
              {
                "name": "ContractStatus",
                "type": "string",
                "value": "@{triggerOutputs()['headers']['contractStatus']}"
              }
            ]
          }
        },
        "varHasError": {
          "runAfter": {
            "Compose_Event": [
              "Succeeded"
            ]
          },
          "metadata": {
            "operationMetadataId": "f7636df2-87c2-422d-a736-632de2758bd2"
          },
          "type": "InitializeVariable",
          "inputs": {
            "variables": [
              {
                "name": "hasError",
                "type": "boolean",
                "value": "@false"
              }
            ]
          }
        },
        "Configuration": {
          "runAfter": {
            "varContractStatus": [
              "Succeeded"
            ]
          },
          "metadata": {
            "operationMetadataId": "e2194029-12b1-4845-a818-6ec3745140c3"
          },
          "type": "InitializeVariable",
          "inputs": {
            "variables": [
              {
                "name": "Configuration",
                "type": "object",
                "value": {
                  "AdminEmailId": "<Admin EmailId>",
                  "SignNowBaseUrl": "<SignNow Base URL>"
                }
              }
            ]
          },
          "description": "Replace placeholder value with actual value "
        },
        "varStudentWebClientAPIKey": {
          "runAfter": {
            "varHasError": [
              "Succeeded"
            ]
          },
          "metadata": {
            "operationMetadataId": "cfcb4198-3227-407a-8b4e-bb21299674d6"
          },
          "type": "InitializeVariable",
          "inputs": {
            "variables": [
              {
                "name": "StudentWebClientAPIKey",
                "type": "string",
                "value": "@{triggerOutputs()['headers']['studentWebClientAPIKey']}"
              }
            ]
          }
        },
        "varStudentWebClientURL": {
          "runAfter": {
            "varStudentWebClientAPIKey": [
              "Succeeded"
            ]
          },
          "metadata": {
            "operationMetadataId": "ab1142fb-07f2-4bde-afc2-a8430dfbd7ec"
          },
          "type": "InitializeVariable",
          "inputs": {
            "variables": [
              {
                "name": "StudentWebClientURL",
                "type": "string",
                "value": "@{triggerOutputs()['headers']['studentWebClientURL']}"
              }
            ]
          }
        },
        "Secure_Configuration": {
          "runAfter": {
            "Configuration": [
              "Succeeded"
            ]
          },
          "trackedProperties": {
            "SignNowUserId": "<SignNow UserId>",
            "SignNowPassword": "<SignNow Password>",
            "SignNowAPIAuthToken": "<SignNow API Authentication Token>"
          },
          "metadata": {
            "operationMetadataId": "53889e52-b2e1-450c-8b14-37b5be7d3f78"
          },
          "type": "Compose",
          "inputs": "Secure",
          "runtimeConfiguration": {
            "secureData": {
              "properties": [
                "inputs"
              ]
            }
          }
        }
      },
      "outputs": {}
    }
  },
  "schemaVersion": "1.0.0.0"
}